airfoil,Roughness,Re,density,viscosity,specific_dissipation_rate,turbulent_ke,Setup
S809,Grit,0.75,1.2,9.0e-06,114.54981120000002,0.0013020495206400003,none
du00-w-212,,3.0,1.225,1.392416666666667e-05,114.54981120000002,0.0013020495206400003,none
nlf1-0416,,4.0,1.225,1.0443125000000002e-05,460.34999999999997,0.00392448375,none
